window_key,window,referent,comparison_key,comparison,contrast_coding,term,estimate,ci_95_lower,ci_95_upper,p_beta_gt_0,n_bin_rows,n_trials_with_gaze,n_positive_trials,n_negative_trials
speech_planning,Speech planning,agent,all_direct_vs_all_inverse,All direct vs all inverse,+1 direct; -1 inverse,contrast,0.2555091418302927,0.08156290347387805,0.43078985264264447,0.998,9130,830,470,360
speech_planning,Speech planning,agent,all_direct_vs_all_inverse,All direct vs all inverse,+1 direct; -1 inverse,time:contrast,0.486171542630156,0.0455216951790779,0.9254670927690212,0.98465,9130,830,470,360
speech_planning,Speech planning,agent,all_direct_vs_all_inverse,All direct vs all inverse,+1 direct; -1 inverse,time2:contrast,1.0434061756470652,0.3742111383991898,1.713029828644876,0.99895,9130,830,470,360
speech_planning,Speech planning,agent,all_direct_vs_all_inverse,All direct vs all inverse,+1 direct; -1 inverse,time3:contrast,-2.9305009793842336,-5.331429587902364,-0.5154730827582663,0.0087,9130,830,470,360
speech_planning,Speech planning,patient,all_direct_vs_all_inverse,All direct vs all inverse,+1 direct; -1 inverse,contrast,-0.21770459955081697,-0.39994853558296134,-0.03702517504672658,0.0091,9130,830,470,360
speech_planning,Speech planning,patient,all_direct_vs_all_inverse,All direct vs all inverse,+1 direct; -1 inverse,time:contrast,-0.25451346680243575,-0.7023273067587692,0.18927224397899794,0.125,9130,830,470,360
speech_planning,Speech planning,patient,all_direct_vs_all_inverse,All direct vs all inverse,+1 direct; -1 inverse,time2:contrast,-0.5649023597166898,-1.2474277388913855,0.10628861770262125,0.0505,9130,830,470,360
speech_planning,Speech planning,patient,all_direct_vs_all_inverse,All direct vs all inverse,+1 direct; -1 inverse,time3:contrast,2.074941502430128,-0.34972251174520974,4.47568322252244,0.9542,9130,830,470,360
speech_planning,Speech planning,agent,direct_1_1_vs_direct_1_2,Direct 1 agent/1 patient vs direct 1 agent/2 patients,+1 direct 1-1; -1 direct 1-2,contrast,-0.2895166195313268,-1.692201926002541,1.0849353951523437,0.3421,4312,392,194,198
speech_planning,Speech planning,agent,direct_1_1_vs_direct_1_2,Direct 1 agent/1 patient vs direct 1 agent/2 patients,+1 direct 1-1; -1 direct 1-2,time:contrast,1.2404028863422205,0.6041609465036887,1.8877091152192464,0.9999,4312,392,194,198
speech_planning,Speech planning,agent,direct_1_1_vs_direct_1_2,Direct 1 agent/1 patient vs direct 1 agent/2 patients,+1 direct 1-1; -1 direct 1-2,time2:contrast,5.462768630150733,4.5078973762969685,6.422504216220722,1.0,4312,392,194,198
speech_planning,Speech planning,agent,direct_1_1_vs_direct_1_2,Direct 1 agent/1 patient vs direct 1 agent/2 patients,+1 direct 1-1; -1 direct 1-2,time3:contrast,-9.989724816322266,-13.536296519686237,-6.517150538186547,0.0,4312,392,194,198
speech_planning,Speech planning,patient,direct_1_1_vs_direct_1_2,Direct 1 agent/1 patient vs direct 1 agent/2 patients,+1 direct 1-1; -1 direct 1-2,contrast,0.5951682319808453,-0.7340184775163504,1.925343380908476,0.81125,4312,392,194,198
speech_planning,Speech planning,patient,direct_1_1_vs_direct_1_2,Direct 1 agent/1 patient vs direct 1 agent/2 patients,+1 direct 1-1; -1 direct 1-2,time:contrast,-0.8896722072133735,-1.5346865527196105,-0.24922419473211643,0.0025,4312,392,194,198
speech_planning,Speech planning,patient,direct_1_1_vs_direct_1_2,Direct 1 agent/1 patient vs direct 1 agent/2 patients,+1 direct 1-1; -1 direct 1-2,time2:contrast,-5.285980672538186,-6.225834739666144,-4.317662306351268,0.0,4312,392,194,198
speech_planning,Speech planning,patient,direct_1_1_vs_direct_1_2,Direct 1 agent/1 patient vs direct 1 agent/2 patients,+1 direct 1-1; -1 direct 1-2,time3:contrast,10.682202952765998,7.209243391996503,14.166308334643162,1.0,4312,392,194,198
speech_planning,Speech planning,agent,inverse_2_1_vs_inverse_2_2,Inverse 2 agents/1 patient vs inverse 2 agents/2 patients,+1 inverse 2-1; -1 inverse 2-2,contrast,1.3063042568719914,-0.03704465849256474,2.6385226858977227,0.9719,3817,347,184,163
speech_planning,Speech planning,agent,inverse_2_1_vs_inverse_2_2,Inverse 2 agents/1 patient vs inverse 2 agents/2 patients,+1 inverse 2-1; -1 inverse 2-2,time:contrast,0.0626098842232052,-0.5837145930882445,0.7111287370370676,0.57295,3817,347,184,163
speech_planning,Speech planning,agent,inverse_2_1_vs_inverse_2_2,Inverse 2 agents/1 patient vs inverse 2 agents/2 patients,+1 inverse 2-1; -1 inverse 2-2,time2:contrast,-6.295610068162237,-7.289024603965093,-5.31667330926636,0.0,3817,347,184,163
speech_planning,Speech planning,agent,inverse_2_1_vs_inverse_2_2,Inverse 2 agents/1 patient vs inverse 2 agents/2 patients,+1 inverse 2-1; -1 inverse 2-2,time3:contrast,5.016931260435135,1.4167218647086315,8.59223260813684,0.9971,3817,347,184,163
speech_planning,Speech planning,patient,inverse_2_1_vs_inverse_2_2,Inverse 2 agents/1 patient vs inverse 2 agents/2 patients,+1 inverse 2-1; -1 inverse 2-2,contrast,-1.3218847931242144,-2.580226379419907,-0.07391473599962216,0.0195,3817,347,184,163
speech_planning,Speech planning,patient,inverse_2_1_vs_inverse_2_2,Inverse 2 agents/1 patient vs inverse 2 agents/2 patients,+1 inverse 2-1; -1 inverse 2-2,time:contrast,-0.3949460824219221,-1.0625528344522073,0.2674614181535254,0.11965,3817,347,184,163
speech_planning,Speech planning,patient,inverse_2_1_vs_inverse_2_2,Inverse 2 agents/1 patient vs inverse 2 agents/2 patients,+1 inverse 2-1; -1 inverse 2-2,time2:contrast,6.727427144668527,5.703090267643262,7.7464370005096574,1.0,3817,347,184,163
speech_planning,Speech planning,patient,inverse_2_1_vs_inverse_2_2,Inverse 2 agents/1 patient vs inverse 2 agents/2 patients,+1 inverse 2-1; -1 inverse 2-2,time3:contrast,-6.890214322517184,-10.478593613587456,-3.2230964965551014,0.0001,3817,347,184,163
speech_planning,Speech planning,agent,direct_animate_vs_inanimate,Direct animate patient vs direct inanimate patient,+1 direct animate; -1 direct inanimate,contrast,-0.7531729919107326,-1.925923007007128,0.4537203374455838,0.1088,5170,470,240,230
speech_planning,Speech planning,agent,direct_animate_vs_inanimate,Direct animate patient vs direct inanimate patient,+1 direct animate; -1 direct inanimate,time:contrast,1.5465699665422097,0.975695936353148,2.1303010989627187,1.0,5170,470,240,230
speech_planning,Speech planning,agent,direct_animate_vs_inanimate,Direct animate patient vs direct inanimate patient,+1 direct animate; -1 direct inanimate,time2:contrast,3.4340638717154186,2.575614311731771,4.27761527370951,1.0,5170,470,240,230
speech_planning,Speech planning,agent,direct_animate_vs_inanimate,Direct animate patient vs direct inanimate patient,+1 direct animate; -1 direct inanimate,time3:contrast,-6.253603153797428,-9.405441432924082,-3.053585731349232,0.0001,5170,470,240,230
speech_planning,Speech planning,patient,direct_animate_vs_inanimate,Direct animate patient vs direct inanimate patient,+1 direct animate; -1 direct inanimate,contrast,0.3983748136954456,-0.7305568858131412,1.5449120744081932,0.75455,5170,470,240,230
speech_planning,Speech planning,patient,direct_animate_vs_inanimate,Direct animate patient vs direct inanimate patient,+1 direct animate; -1 direct inanimate,time:contrast,-0.8890399316352011,-1.4702091744438655,-0.29638772586637646,0.00155,5170,470,240,230
speech_planning,Speech planning,patient,direct_animate_vs_inanimate,Direct animate patient vs direct inanimate patient,+1 direct animate; -1 direct inanimate,time2:contrast,-3.2587717913426903,-4.123903158519431,-2.3824174310672106,0.0,5170,470,240,230
speech_planning,Speech planning,patient,direct_animate_vs_inanimate,Direct animate patient vs direct inanimate patient,+1 direct animate; -1 direct inanimate,time3:contrast,1.1152337587754726,-2.0396106542219608,4.2652579219026565,0.7569,5170,470,240,230
speech_planning,Speech planning,agent,inverse_animate_vs_inanimate,Inverse animate patient vs inverse inanimate patient,+1 inverse animate; -1 inverse inanimate,contrast,-0.8593705672864426,-2.162307179868902,0.46356000654643703,0.1012,3960,360,186,174
speech_planning,Speech planning,agent,inverse_animate_vs_inanimate,Inverse animate patient vs inverse inanimate patient,+1 inverse animate; -1 inverse inanimate,time:contrast,1.2898635820334954,0.6445676063929925,1.9471423484651793,1.0,3960,360,186,174
speech_planning,Speech planning,agent,inverse_animate_vs_inanimate,Inverse animate patient vs inverse inanimate patient,+1 inverse animate; -1 inverse inanimate,time2:contrast,3.760084867251763,2.7670976221225136,4.747822040676039,1.0,3960,360,186,174
speech_planning,Speech planning,agent,inverse_animate_vs_inanimate,Inverse animate patient vs inverse inanimate patient,+1 inverse animate; -1 inverse inanimate,time3:contrast,-5.891514594858907,-9.455227224966336,-2.377544479135309,0.00075,3960,360,186,174
speech_planning,Speech planning,patient,inverse_animate_vs_inanimate,Inverse animate patient vs inverse inanimate patient,+1 inverse animate; -1 inverse inanimate,contrast,0.9478636183757442,-0.2976331034406674,2.1873302933988823,0.9309,3960,360,186,174
speech_planning,Speech planning,patient,inverse_animate_vs_inanimate,Inverse animate patient vs inverse inanimate patient,+1 inverse animate; -1 inverse inanimate,time:contrast,-0.8997104822914062,-1.57348630722281,-0.240569452504637,0.0047,3960,360,186,174
speech_planning,Speech planning,patient,inverse_animate_vs_inanimate,Inverse animate patient vs inverse inanimate patient,+1 inverse animate; -1 inverse inanimate,time2:contrast,-4.049864753257775,-5.084345591547327,-3.0179018370431883,0.0,3960,360,186,174
speech_planning,Speech planning,patient,inverse_animate_vs_inanimate,Inverse animate patient vs inverse inanimate patient,+1 inverse animate; -1 inverse inanimate,time3:contrast,3.7478893394967816,0.13634570875199517,7.363613906129658,0.9789,3960,360,186,174
linguistic_encoding_1,Linguistic encoding I,agent,all_direct_vs_all_inverse,All direct vs all inverse,+1 direct; -1 inverse,contrast,0.09806610368314544,-0.03458245760312433,0.2300438998707989,0.9291,17365,830,470,360
linguistic_encoding_1,Linguistic encoding I,agent,all_direct_vs_all_inverse,All direct vs all inverse,+1 direct; -1 inverse,time:contrast,0.2975258201252758,-0.04986196403498264,0.6402754978437365,0.95285,17365,830,470,360
linguistic_encoding_1,Linguistic encoding I,agent,all_direct_vs_all_inverse,All direct vs all inverse,+1 direct; -1 inverse,time2:contrast,0.34981108589335663,-0.18919486541042568,0.877681771987514,0.90215,17365,830,470,360
linguistic_encoding_1,Linguistic encoding I,agent,all_direct_vs_all_inverse,All direct vs all inverse,+1 direct; -1 inverse,time3:contrast,-0.5113614916376268,-2.4969709046757487,1.4815088821741786,0.30835,17365,830,470,360
linguistic_encoding_1,Linguistic encoding I,patient,all_direct_vs_all_inverse,All direct vs all inverse,+1 direct; -1 inverse,contrast,0.06900790443751312,-0.05840368273368875,0.1961297674461533,0.85565,17365,830,470,360
linguistic_encoding_1,Linguistic encoding I,patient,all_direct_vs_all_inverse,All direct vs all inverse,+1 direct; -1 inverse,time:contrast,-0.21002601713980248,-0.5665797849693923,0.1442333632378866,0.12325,17365,830,470,360
linguistic_encoding_1,Linguistic encoding I,patient,all_direct_vs_all_inverse,All direct vs all inverse,+1 direct; -1 inverse,time2:contrast,-0.292453630392724,-0.8420006195727577,0.2590774727885527,0.1463,17365,830,470,360
linguistic_encoding_1,Linguistic encoding I,patient,all_direct_vs_all_inverse,All direct vs all inverse,+1 direct; -1 inverse,time3:contrast,0.9338742982576892,-1.130551781118235,3.002401154849636,0.81295,17365,830,470,360
linguistic_encoding_1,Linguistic encoding I,agent,direct_1_1_vs_direct_1_2,Direct 1 agent/1 patient vs direct 1 agent/2 patients,+1 direct 1-1; -1 direct 1-2,contrast,0.13869663195042573,-1.2496850442796623,1.552389491910671,0.57575,8033,392,194,198
linguistic_encoding_1,Linguistic encoding I,agent,direct_1_1_vs_direct_1_2,Direct 1 agent/1 patient vs direct 1 agent/2 patients,+1 direct 1-1; -1 direct 1-2,time:contrast,-0.19864562066617028,-0.706846815151937,0.31108854392609814,0.22015,8033,392,194,198
linguistic_encoding_1,Linguistic encoding I,agent,direct_1_1_vs_direct_1_2,Direct 1 agent/1 patient vs direct 1 agent/2 patients,+1 direct 1-1; -1 direct 1-2,time2:contrast,-0.12008185736945032,-0.9028240680325273,0.6502359542599159,0.38625,8033,392,194,198
linguistic_encoding_1,Linguistic encoding I,agent,direct_1_1_vs_direct_1_2,Direct 1 agent/1 patient vs direct 1 agent/2 patients,+1 direct 1-1; -1 direct 1-2,time3:contrast,1.3547015134679186,-1.5898173107674294,4.299847563997374,0.8184,8033,392,194,198
linguistic_encoding_1,Linguistic encoding I,patient,direct_1_1_vs_direct_1_2,Direct 1 agent/1 patient vs direct 1 agent/2 patients,+1 direct 1-1; -1 direct 1-2,contrast,0.16616251747097566,-1.0452475728454562,1.3750191797246063,0.60685,8033,392,194,198
linguistic_encoding_1,Linguistic encoding I,patient,direct_1_1_vs_direct_1_2,Direct 1 agent/1 patient vs direct 1 agent/2 patients,+1 direct 1-1; -1 direct 1-2,time:contrast,0.5039865007662145,-0.01063108076016322,1.0197107151892328,0.97235,8033,392,194,198
linguistic_encoding_1,Linguistic encoding I,patient,direct_1_1_vs_direct_1_2,Direct 1 agent/1 patient vs direct 1 agent/2 patients,+1 direct 1-1; -1 direct 1-2,time2:contrast,1.3329700601477017,0.5647705843639952,2.1071275316884903,0.99955,8033,392,194,198
linguistic_encoding_1,Linguistic encoding I,patient,direct_1_1_vs_direct_1_2,Direct 1 agent/1 patient vs direct 1 agent/2 patients,+1 direct 1-1; -1 direct 1-2,time3:contrast,-4.4943897272769044,-7.4727446576972225,-1.5517623368953626,0.00155,8033,392,194,198
linguistic_encoding_1,Linguistic encoding I,agent,inverse_2_1_vs_inverse_2_2,Inverse 2 agents/1 patient vs inverse 2 agents/2 patients,+1 inverse 2-1; -1 inverse 2-2,contrast,-0.34424879216283816,-1.7032277062924315,1.0190745883131607,0.31095,7442,347,184,163
linguistic_encoding_1,Linguistic encoding I,agent,inverse_2_1_vs_inverse_2_2,Inverse 2 agents/1 patient vs inverse 2 agents/2 patients,+1 inverse 2-1; -1 inverse 2-2,time:contrast,0.17686356525264987,-0.35664338602682544,0.70979047246795,0.74025,7442,347,184,163
linguistic_encoding_1,Linguistic encoding I,agent,inverse_2_1_vs_inverse_2_2,Inverse 2 agents/1 patient vs inverse 2 agents/2 patients,+1 inverse 2-1; -1 inverse 2-2,time2:contrast,0.8937822816220203,0.07779517820007754,1.7052795282206268,0.98355,7442,347,184,163
linguistic_encoding_1,Linguistic encoding I,agent,inverse_2_1_vs_inverse_2_2,Inverse 2 agents/1 patient vs inverse 2 agents/2 patients,+1 inverse 2-1; -1 inverse 2-2,time3:contrast,-2.817239019130173,-5.947281476927355,0.23893204551221772,0.0362,7442,347,184,163
linguistic_encoding_1,Linguistic encoding I,patient,inverse_2_1_vs_inverse_2_2,Inverse 2 agents/1 patient vs inverse 2 agents/2 patients,+1 inverse 2-1; -1 inverse 2-2,contrast,0.7659052434283894,-0.42005550494096877,1.93579527543591,0.8994,7442,347,184,163
linguistic_encoding_1,Linguistic encoding I,patient,inverse_2_1_vs_inverse_2_2,Inverse 2 agents/1 patient vs inverse 2 agents/2 patients,+1 inverse 2-1; -1 inverse 2-2,time:contrast,0.27235738280627925,-0.2663972159923733,0.8047126510241205,0.8388,7442,347,184,163
linguistic_encoding_1,Linguistic encoding I,patient,inverse_2_1_vs_inverse_2_2,Inverse 2 agents/1 patient vs inverse 2 agents/2 patients,+1 inverse 2-1; -1 inverse 2-2,time2:contrast,-3.213933829216532,-4.047473568080372,-2.3750609550087876,0.0,7442,347,184,163
linguistic_encoding_1,Linguistic encoding I,patient,inverse_2_1_vs_inverse_2_2,Inverse 2 agents/1 patient vs inverse 2 agents/2 patients,+1 inverse 2-1; -1 inverse 2-2,time3:contrast,0.456496548696034,-2.613514329392913,3.5022671526598246,0.61455,7442,347,184,163
linguistic_encoding_1,Linguistic encoding I,agent,direct_animate_vs_inanimate,Direct animate patient vs direct inanimate patient,+1 direct animate; -1 direct inanimate,contrast,-0.05688469641880389,-1.2300015172066088,1.1165298516138331,0.4621,9657,470,240,230
linguistic_encoding_1,Linguistic encoding I,agent,direct_animate_vs_inanimate,Direct animate patient vs direct inanimate patient,+1 direct animate; -1 direct inanimate,time:contrast,-0.9117216333998948,-1.3806411801197,-0.44394743964630445,5e-05,9657,470,240,230
linguistic_encoding_1,Linguistic encoding I,agent,direct_animate_vs_inanimate,Direct animate patient vs direct inanimate patient,+1 direct animate; -1 direct inanimate,time2:contrast,0.20008342634529683,-0.5091134672639089,0.9164220959679882,0.7072,9657,470,240,230
linguistic_encoding_1,Linguistic encoding I,agent,direct_animate_vs_inanimate,Direct animate patient vs direct inanimate patient,+1 direct animate; -1 direct inanimate,time3:contrast,2.8748370213200096,0.18382415168411984,5.555801134255078,0.9826,9657,470,240,230
linguistic_encoding_1,Linguistic encoding I,patient,direct_animate_vs_inanimate,Direct animate patient vs direct inanimate patient,+1 direct animate; -1 direct inanimate,contrast,-0.4410286292131637,-1.4692080889398993,0.5959588371521339,0.2018,9657,470,240,230
linguistic_encoding_1,Linguistic encoding I,patient,direct_animate_vs_inanimate,Direct animate patient vs direct inanimate patient,+1 direct animate; -1 direct inanimate,time:contrast,0.29619171504086406,-0.1747678316225939,0.7636799536010065,0.89065,9657,470,240,230
linguistic_encoding_1,Linguistic encoding I,patient,direct_animate_vs_inanimate,Direct animate patient vs direct inanimate patient,+1 direct animate; -1 direct inanimate,time2:contrast,0.00043691170243975285,-0.7016756617708381,0.7162768571967811,0.49685,9657,470,240,230
linguistic_encoding_1,Linguistic encoding I,patient,direct_animate_vs_inanimate,Direct animate patient vs direct inanimate patient,+1 direct animate; -1 direct inanimate,time3:contrast,-1.285032528454302,-4.000470670777913,1.436887897310319,0.17315,9657,470,240,230
linguistic_encoding_1,Linguistic encoding I,agent,inverse_animate_vs_inanimate,Inverse animate patient vs inverse inanimate patient,+1 inverse animate; -1 inverse inanimate,contrast,0.275801846730621,-1.0487663931449895,1.5919882514291306,0.65995,7708,360,186,174
linguistic_encoding_1,Linguistic encoding I,agent,inverse_animate_vs_inanimate,Inverse animate patient vs inverse inanimate patient,+1 inverse animate; -1 inverse inanimate,time:contrast,-2.0296900320460076,-2.551251761869309,-1.516356781306619,0.0,7708,360,186,174
linguistic_encoding_1,Linguistic encoding I,agent,inverse_animate_vs_inanimate,Inverse animate patient vs inverse inanimate patient,+1 inverse animate; -1 inverse inanimate,time2:contrast,-0.7868861470508216,-1.5689906011729262,0.0005204120166146753,0.02515,7708,360,186,174
linguistic_encoding_1,Linguistic encoding I,agent,inverse_animate_vs_inanimate,Inverse animate patient vs inverse inanimate patient,+1 inverse animate; -1 inverse inanimate,time3:contrast,7.279226172108136,4.340045661345706,10.246415554439734,1.0,7708,360,186,174
linguistic_encoding_1,Linguistic encoding I,patient,inverse_animate_vs_inanimate,Inverse animate patient vs inverse inanimate patient,+1 inverse animate; -1 inverse inanimate,contrast,-0.48927552326051416,-1.6015602054243596,0.629992752273362,0.19815,7708,360,186,174
linguistic_encoding_1,Linguistic encoding I,patient,inverse_animate_vs_inanimate,Inverse animate patient vs inverse inanimate patient,+1 inverse animate; -1 inverse inanimate,time:contrast,2.3208674366149973,1.7908618269868612,2.8510358700681144,1.0,7708,360,186,174
linguistic_encoding_1,Linguistic encoding I,patient,inverse_animate_vs_inanimate,Inverse animate patient vs inverse inanimate patient,+1 inverse animate; -1 inverse inanimate,time2:contrast,2.1719942131373022,1.3537448037973194,2.987416088588206,1.0,7708,360,186,174
linguistic_encoding_1,Linguistic encoding I,patient,inverse_animate_vs_inanimate,Inverse animate patient vs inverse inanimate patient,+1 inverse animate; -1 inverse inanimate,time3:contrast,-8.286305181819113,-11.377868734236005,-5.251197515408377,0.0,7708,360,186,174
linguistic_encoding_2,Linguistic encoding II,agent,all_direct_vs_all_inverse,All direct vs all inverse,+1 direct; -1 inverse,contrast,0.05875198881373534,-0.06950793698376434,0.18654255956755475,0.817,17359,830,470,360
linguistic_encoding_2,Linguistic encoding II,agent,all_direct_vs_all_inverse,All direct vs all inverse,+1 direct; -1 inverse,time:contrast,-0.43493727693769324,-0.7759969626202761,-0.10029427236414402,0.00555,17359,830,470,360
linguistic_encoding_2,Linguistic encoding II,agent,all_direct_vs_all_inverse,All direct vs all inverse,+1 direct; -1 inverse,time2:contrast,-0.13684482099299863,-0.6580436690933048,0.3937033523732298,0.3055,17359,830,470,360
linguistic_encoding_2,Linguistic encoding II,agent,all_direct_vs_all_inverse,All direct vs all inverse,+1 direct; -1 inverse,time3:contrast,1.3827900751824316,-0.5478915516718331,3.3241689793066054,0.91935,17359,830,470,360
linguistic_encoding_2,Linguistic encoding II,patient,all_direct_vs_all_inverse,All direct vs all inverse,+1 direct; -1 inverse,contrast,0.2831028648537885,0.15716625013310853,0.40958134645402217,1.0,17359,830,470,360
linguistic_encoding_2,Linguistic encoding II,patient,all_direct_vs_all_inverse,All direct vs all inverse,+1 direct; -1 inverse,time:contrast,0.5846489538976404,0.2368132953764078,0.9308837397122738,0.99955,17359,830,470,360
linguistic_encoding_2,Linguistic encoding II,patient,all_direct_vs_all_inverse,All direct vs all inverse,+1 direct; -1 inverse,time2:contrast,-0.9823250558111402,-1.5151661571316644,-0.45748829540882696,0.0001,17359,830,470,360
linguistic_encoding_2,Linguistic encoding II,patient,all_direct_vs_all_inverse,All direct vs all inverse,+1 direct; -1 inverse,time3:contrast,-2.445011375667186,-4.429561296329846,-0.4381034887659326,0.0081,17359,830,470,360
linguistic_encoding_2,Linguistic encoding II,agent,direct_1_1_vs_direct_1_2,Direct 1 agent/1 patient vs direct 1 agent/2 patients,+1 direct 1-1; -1 direct 1-2,contrast,0.40685381137951865,-0.9642357285991278,1.7916607851684785,0.71795,8030,392,194,198
linguistic_encoding_2,Linguistic encoding II,agent,direct_1_1_vs_direct_1_2,Direct 1 agent/1 patient vs direct 1 agent/2 patients,+1 direct 1-1; -1 direct 1-2,time:contrast,0.07609963788110734,-0.4262598865936118,0.5737225580845342,0.61915,8030,392,194,198
linguistic_encoding_2,Linguistic encoding II,agent,direct_1_1_vs_direct_1_2,Direct 1 agent/1 patient vs direct 1 agent/2 patients,+1 direct 1-1; -1 direct 1-2,time2:contrast,0.19530561137459318,-0.5720022381383288,0.9500882091560202,0.6945,8030,392,194,198
linguistic_encoding_2,Linguistic encoding II,agent,direct_1_1_vs_direct_1_2,Direct 1 agent/1 patient vs direct 1 agent/2 patients,+1 direct 1-1; -1 direct 1-2,time3:contrast,-2.4338092942487477,-5.268265600461474,0.3848546143416281,0.044,8030,392,194,198
linguistic_encoding_2,Linguistic encoding II,patient,direct_1_1_vs_direct_1_2,Direct 1 agent/1 patient vs direct 1 agent/2 patients,+1 direct 1-1; -1 direct 1-2,contrast,-0.06716582572954405,-1.2069243793335407,1.085069027692457,0.45405,8030,392,194,198
linguistic_encoding_2,Linguistic encoding II,patient,direct_1_1_vs_direct_1_2,Direct 1 agent/1 patient vs direct 1 agent/2 patients,+1 direct 1-1; -1 direct 1-2,time:contrast,-0.20298029870086523,-0.7075210224356631,0.30947027462835464,0.2181,8030,392,194,198
linguistic_encoding_2,Linguistic encoding II,patient,direct_1_1_vs_direct_1_2,Direct 1 agent/1 patient vs direct 1 agent/2 patients,+1 direct 1-1; -1 direct 1-2,time2:contrast,0.22720312059905878,-0.5464138747241474,1.0043657153036658,0.71585,8030,392,194,198
linguistic_encoding_2,Linguistic encoding II,patient,direct_1_1_vs_direct_1_2,Direct 1 agent/1 patient vs direct 1 agent/2 patients,+1 direct 1-1; -1 direct 1-2,time3:contrast,3.8449762385690804,0.9809169747525956,6.68885706107187,0.9962,8030,392,194,198
linguistic_encoding_2,Linguistic encoding II,agent,inverse_2_1_vs_inverse_2_2,Inverse 2 agents/1 patient vs inverse 2 agents/2 patients,+1 inverse 2-1; -1 inverse 2-2,contrast,0.22351116622854034,-1.0905628158479073,1.5393023386818556,0.63005,7439,347,184,163
linguistic_encoding_2,Linguistic encoding II,agent,inverse_2_1_vs_inverse_2_2,Inverse 2 agents/1 patient vs inverse 2 agents/2 patients,+1 inverse 2-1; -1 inverse 2-2,time:contrast,0.10145756700125037,-0.3972896853705208,0.6117434423586394,0.64985,7439,347,184,163
linguistic_encoding_2,Linguistic encoding II,agent,inverse_2_1_vs_inverse_2_2,Inverse 2 agents/1 patient vs inverse 2 agents/2 patients,+1 inverse 2-1; -1 inverse 2-2,time2:contrast,0.3033541011689951,-0.4785759524332389,1.102188508868165,0.77415,7439,347,184,163
linguistic_encoding_2,Linguistic encoding II,agent,inverse_2_1_vs_inverse_2_2,Inverse 2 agents/1 patient vs inverse 2 agents/2 patients,+1 inverse 2-1; -1 inverse 2-2,time3:contrast,-0.8583227949793476,-3.7799801028373405,2.028560771707655,0.28215,7439,347,184,163
linguistic_encoding_2,Linguistic encoding II,patient,inverse_2_1_vs_inverse_2_2,Inverse 2 agents/1 patient vs inverse 2 agents/2 patients,+1 inverse 2-1; -1 inverse 2-2,contrast,-0.3152140393840084,-1.3506112364920766,0.7504077064065304,0.28195,7439,347,184,163
linguistic_encoding_2,Linguistic encoding II,patient,inverse_2_1_vs_inverse_2_2,Inverse 2 agents/1 patient vs inverse 2 agents/2 patients,+1 inverse 2-1; -1 inverse 2-2,time:contrast,-0.19711858976746766,-0.7041268685114676,0.3107642395183732,0.22565,7439,347,184,163
linguistic_encoding_2,Linguistic encoding II,patient,inverse_2_1_vs_inverse_2_2,Inverse 2 agents/1 patient vs inverse 2 agents/2 patients,+1 inverse 2-1; -1 inverse 2-2,time2:contrast,-0.1293094644118992,-0.8952840639242926,0.6413596466209092,0.3728,7439,347,184,163
linguistic_encoding_2,Linguistic encoding II,patient,inverse_2_1_vs_inverse_2_2,Inverse 2 agents/1 patient vs inverse 2 agents/2 patients,+1 inverse 2-1; -1 inverse 2-2,time3:contrast,1.7778616986750173,-1.0329493229213667,4.590738440412866,0.8881,7439,347,184,163
linguistic_encoding_2,Linguistic encoding II,agent,direct_animate_vs_inanimate,Direct animate patient vs direct inanimate patient,+1 direct animate; -1 direct inanimate,contrast,-0.3038685545371995,-1.4554245396126324,0.8492324812140064,0.30135,9654,470,240,230
linguistic_encoding_2,Linguistic encoding II,agent,direct_animate_vs_inanimate,Direct animate patient vs direct inanimate patient,+1 direct animate; -1 direct inanimate,time:contrast,0.46880101617296316,0.016082386189768528,0.9205959291116453,0.97835,9654,470,240,230
linguistic_encoding_2,Linguistic encoding II,agent,direct_animate_vs_inanimate,Direct animate patient vs direct inanimate patient,+1 direct animate; -1 direct inanimate,time2:contrast,0.29277700855677724,-0.40380963657630603,0.9920607579771499,0.794,9654,470,240,230
linguistic_encoding_2,Linguistic encoding II,agent,direct_animate_vs_inanimate,Direct animate patient vs direct inanimate patient,+1 direct animate; -1 direct inanimate,time3:contrast,-1.53253953232867,-4.131177259028105,1.0881589481016822,0.1231,9654,470,240,230
linguistic_encoding_2,Linguistic encoding II,patient,direct_animate_vs_inanimate,Direct animate patient vs direct inanimate patient,+1 direct animate; -1 direct inanimate,contrast,-0.05776971816882857,-1.0091141952975553,0.9026686180920607,0.4484,9654,470,240,230
linguistic_encoding_2,Linguistic encoding II,patient,direct_animate_vs_inanimate,Direct animate patient vs direct inanimate patient,+1 direct animate; -1 direct inanimate,time:contrast,-0.9774325764711516,-1.4319024473312865,-0.5201564704523675,0.0,9654,470,240,230
linguistic_encoding_2,Linguistic encoding II,patient,direct_animate_vs_inanimate,Direct animate patient vs direct inanimate patient,+1 direct animate; -1 direct inanimate,time2:contrast,-0.18207527917663438,-0.888353472863284,0.5180204956777924,0.30825,9654,470,240,230
linguistic_encoding_2,Linguistic encoding II,patient,direct_animate_vs_inanimate,Direct animate patient vs direct inanimate patient,+1 direct animate; -1 direct inanimate,time3:contrast,2.2299350198163252,-0.35933270066629647,4.8403555301398695,0.95425,9654,470,240,230
linguistic_encoding_2,Linguistic encoding II,agent,inverse_animate_vs_inanimate,Inverse animate patient vs inverse inanimate patient,+1 inverse animate; -1 inverse inanimate,contrast,-0.3595859312309918,-1.657482939348353,0.9385542218727517,0.2927,7705,360,186,174
linguistic_encoding_2,Linguistic encoding II,agent,inverse_animate_vs_inanimate,Inverse animate patient vs inverse inanimate patient,+1 inverse animate; -1 inverse inanimate,time:contrast,-0.14141620850440445,-0.6523520085441489,0.37048235527356,0.29295,7705,360,186,174
linguistic_encoding_2,Linguistic encoding II,agent,inverse_animate_vs_inanimate,Inverse animate patient vs inverse inanimate patient,+1 inverse animate; -1 inverse inanimate,time2:contrast,0.2421035724237293,-0.5332818509164929,1.0137546754005058,0.73155,7705,360,186,174
linguistic_encoding_2,Linguistic encoding II,agent,inverse_animate_vs_inanimate,Inverse animate patient vs inverse inanimate patient,+1 inverse animate; -1 inverse inanimate,time3:contrast,3.046267706346629,0.16489109576458835,5.9137464877415615,0.9806,7705,360,186,174
linguistic_encoding_2,Linguistic encoding II,patient,inverse_animate_vs_inanimate,Inverse animate patient vs inverse inanimate patient,+1 inverse animate; -1 inverse inanimate,contrast,0.3780265698602891,-0.6419632060085447,1.3997910249130932,0.76805,7705,360,186,174
linguistic_encoding_2,Linguistic encoding II,patient,inverse_animate_vs_inanimate,Inverse animate patient vs inverse inanimate patient,+1 inverse animate; -1 inverse inanimate,time:contrast,0.6499553342431543,0.15267713497240704,1.1392487361418189,0.99475,7705,360,186,174
linguistic_encoding_2,Linguistic encoding II,patient,inverse_animate_vs_inanimate,Inverse animate patient vs inverse inanimate patient,+1 inverse animate; -1 inverse inanimate,time2:contrast,-0.015512617026457511,-0.7864125485284248,0.7504979763199147,0.48525,7705,360,186,174
linguistic_encoding_2,Linguistic encoding II,patient,inverse_animate_vs_inanimate,Inverse animate patient vs inverse inanimate patient,+1 inverse animate; -1 inverse inanimate,time3:contrast,-4.437735429914617,-7.256985904760725,-1.6479669314998135,0.0008,7705,360,186,174
linguistic_encoding_3,Linguistic encoding III,agent,all_direct_vs_all_inverse,All direct vs all inverse,+1 direct; -1 inverse,contrast,-0.26104127606948224,-0.41769374247399405,-0.10461555183145334,0.00045,17430,830,470,360
linguistic_encoding_3,Linguistic encoding III,agent,all_direct_vs_all_inverse,All direct vs all inverse,+1 direct; -1 inverse,time:contrast,0.009916120750554362,-0.35391332759400107,0.3730796865542107,0.52055,17430,830,470,360
linguistic_encoding_3,Linguistic encoding III,agent,all_direct_vs_all_inverse,All direct vs all inverse,+1 direct; -1 inverse,time2:contrast,0.5168840448249071,-0.022208547242305386,1.056547391231212,0.9709,17430,830,470,360
linguistic_encoding_3,Linguistic encoding III,agent,all_direct_vs_all_inverse,All direct vs all inverse,+1 direct; -1 inverse,time3:contrast,-1.853717181042818,-3.8913916728307525,0.18136080920059341,0.0366,17430,830,470,360
linguistic_encoding_3,Linguistic encoding III,patient,all_direct_vs_all_inverse,All direct vs all inverse,+1 direct; -1 inverse,contrast,0.22587454485598873,0.087370777121,0.3671088977907162,0.999,17430,830,470,360
linguistic_encoding_3,Linguistic encoding III,patient,all_direct_vs_all_inverse,All direct vs all inverse,+1 direct; -1 inverse,time:contrast,-0.041190161353543836,-0.41282261570745865,0.325355509220201,0.41805,17430,830,470,360
linguistic_encoding_3,Linguistic encoding III,patient,all_direct_vs_all_inverse,All direct vs all inverse,+1 direct; -1 inverse,time2:contrast,0.15334501214173038,-0.3913696919087937,0.6969215347297525,0.70715,17430,830,470,360
linguistic_encoding_3,Linguistic encoding III,patient,all_direct_vs_all_inverse,All direct vs all inverse,+1 direct; -1 inverse,time3:contrast,-0.2783409581510671,-2.35920980134803,1.7935601333445483,0.3955,17430,830,470,360
linguistic_encoding_3,Linguistic encoding III,agent,direct_1_1_vs_direct_1_2,Direct 1 agent/1 patient vs direct 1 agent/2 patients,+1 direct 1-1; -1 direct 1-2,contrast,-1.305597922214179,-2.6675081879095086,0.06223690372668047,0.03035,8232,392,194,198
linguistic_encoding_3,Linguistic encoding III,agent,direct_1_1_vs_direct_1_2,Direct 1 agent/1 patient vs direct 1 agent/2 patients,+1 direct 1-1; -1 direct 1-2,time:contrast,0.5171370496307587,-0.01362808591667682,1.053701967224686,0.97135,8232,392,194,198
linguistic_encoding_3,Linguistic encoding III,agent,direct_1_1_vs_direct_1_2,Direct 1 agent/1 patient vs direct 1 agent/2 patients,+1 direct 1-1; -1 direct 1-2,time2:contrast,0.1399552345823387,-0.6492058119861909,0.9206085975473224,0.63805,8232,392,194,198
linguistic_encoding_3,Linguistic encoding III,agent,direct_1_1_vs_direct_1_2,Direct 1 agent/1 patient vs direct 1 agent/2 patients,+1 direct 1-1; -1 direct 1-2,time3:contrast,-2.5472857209349304,-5.516234176213671,0.38202582620970316,0.04475,8232,392,194,198
linguistic_encoding_3,Linguistic encoding III,patient,direct_1_1_vs_direct_1_2,Direct 1 agent/1 patient vs direct 1 agent/2 patients,+1 direct 1-1; -1 direct 1-2,contrast,0.7833757977582915,-0.5881818647497143,2.15790155243032,0.8698,8232,392,194,198
linguistic_encoding_3,Linguistic encoding III,patient,direct_1_1_vs_direct_1_2,Direct 1 agent/1 patient vs direct 1 agent/2 patients,+1 direct 1-1; -1 direct 1-2,time:contrast,-0.5947602416492036,-1.1128835600075537,-0.08511075057332734,0.01215,8232,392,194,198
linguistic_encoding_3,Linguistic encoding III,patient,direct_1_1_vs_direct_1_2,Direct 1 agent/1 patient vs direct 1 agent/2 patients,+1 direct 1-1; -1 direct 1-2,time2:contrast,-0.9796483747563414,-1.7463662252657364,-0.1886602067586331,0.0068,8232,392,194,198
linguistic_encoding_3,Linguistic encoding III,patient,direct_1_1_vs_direct_1_2,Direct 1 agent/1 patient vs direct 1 agent/2 patients,+1 direct 1-1; -1 direct 1-2,time3:contrast,2.410545037360536,-0.51232822919483,5.330017655621814,0.94665,8232,392,194,198
linguistic_encoding_3,Linguistic encoding III,agent,inverse_2_1_vs_inverse_2_2,Inverse 2 agents/1 patient vs inverse 2 agents/2 patients,+1 inverse 2-1; -1 inverse 2-2,contrast,0.29934987246988704,-1.063032960429141,1.6583521511360442,0.66825,7287,347,184,163
linguistic_encoding_3,Linguistic encoding III,agent,inverse_2_1_vs_inverse_2_2,Inverse 2 agents/1 patient vs inverse 2 agents/2 patients,+1 inverse 2-1; -1 inverse 2-2,time:contrast,0.010203715456320008,-0.5422022705700605,0.5714883729627316,0.51435,7287,347,184,163
linguistic_encoding_3,Linguistic encoding III,agent,inverse_2_1_vs_inverse_2_2,Inverse 2 agents/1 patient vs inverse 2 agents/2 patients,+1 inverse 2-1; -1 inverse 2-2,time2:contrast,-0.9812047994183318,-1.7977031075542027,-0.16757370601046706,0.0091,7287,347,184,163
linguistic_encoding_3,Linguistic encoding III,agent,inverse_2_1_vs_inverse_2_2,Inverse 2 agents/1 patient vs inverse 2 agents/2 patients,+1 inverse 2-1; -1 inverse 2-2,time3:contrast,0.2978931563617565,-2.742369103382554,3.3266968658277305,0.57715,7287,347,184,163
linguistic_encoding_3,Linguistic encoding III,patient,inverse_2_1_vs_inverse_2_2,Inverse 2 agents/1 patient vs inverse 2 agents/2 patients,+1 inverse 2-1; -1 inverse 2-2,contrast,-0.2542674203830858,-1.5185009005286114,1.017166280499476,0.345,7287,347,184,163
linguistic_encoding_3,Linguistic encoding III,patient,inverse_2_1_vs_inverse_2_2,Inverse 2 agents/1 patient vs inverse 2 agents/2 patients,+1 inverse 2-1; -1 inverse 2-2,time:contrast,0.12847924393945045,-0.43511487630450796,0.6795112585630335,0.67715,7287,347,184,163
linguistic_encoding_3,Linguistic encoding III,patient,inverse_2_1_vs_inverse_2_2,Inverse 2 agents/1 patient vs inverse 2 agents/2 patients,+1 inverse 2-1; -1 inverse 2-2,time2:contrast,-0.3383484622487843,-1.1656669250825047,0.48251181466456067,0.21615,7287,347,184,163
linguistic_encoding_3,Linguistic encoding III,patient,inverse_2_1_vs_inverse_2_2,Inverse 2 agents/1 patient vs inverse 2 agents/2 patients,+1 inverse 2-1; -1 inverse 2-2,time3:contrast,0.38806016426805656,-2.7299762895104145,3.5326610094325095,0.59555,7287,347,184,163
linguistic_encoding_3,Linguistic encoding III,agent,direct_animate_vs_inanimate,Direct animate patient vs direct inanimate patient,+1 direct animate; -1 direct inanimate,contrast,1.2289842229431236,0.09306512416594233,2.3915781740952182,0.9824,9870,470,240,230
linguistic_encoding_3,Linguistic encoding III,agent,direct_animate_vs_inanimate,Direct animate patient vs direct inanimate patient,+1 direct animate; -1 direct inanimate,time:contrast,-0.46433314343992077,-0.9502537615297973,0.020659679597052324,0.0305,9870,470,240,230
linguistic_encoding_3,Linguistic encoding III,agent,direct_animate_vs_inanimate,Direct animate patient vs direct inanimate patient,+1 direct animate; -1 direct inanimate,time2:contrast,-0.26592763781316486,-0.9798623064052676,0.4569681880284625,0.2334,9870,470,240,230
linguistic_encoding_3,Linguistic encoding III,agent,direct_animate_vs_inanimate,Direct animate patient vs direct inanimate patient,+1 direct animate; -1 direct inanimate,time3:contrast,2.6019564158117405,-0.08610515911417443,5.293412404629108,0.97055,9870,470,240,230
linguistic_encoding_3,Linguistic encoding III,patient,direct_animate_vs_inanimate,Direct animate patient vs direct inanimate patient,+1 direct animate; -1 direct inanimate,contrast,-0.7036759838226352,-1.8351444801276176,0.442828889615667,0.11145,9870,470,240,230
linguistic_encoding_3,Linguistic encoding III,patient,direct_animate_vs_inanimate,Direct animate patient vs direct inanimate patient,+1 direct animate; -1 direct inanimate,time:contrast,0.8081434012218313,0.33098689355225464,1.2807043490917038,0.99975,9870,470,240,230
linguistic_encoding_3,Linguistic encoding III,patient,direct_animate_vs_inanimate,Direct animate patient vs direct inanimate patient,+1 direct animate; -1 direct inanimate,time2:contrast,-0.41403115362461523,-1.119032662578576,0.2874415882424688,0.1257,9870,470,240,230
linguistic_encoding_3,Linguistic encoding III,patient,direct_animate_vs_inanimate,Direct animate patient vs direct inanimate patient,+1 direct animate; -1 direct inanimate,time3:contrast,-4.663718986246326,-7.31767916072131,-2.0551193773586895,0.00045,9870,470,240,230
linguistic_encoding_3,Linguistic encoding III,agent,inverse_animate_vs_inanimate,Inverse animate patient vs inverse inanimate patient,+1 inverse animate; -1 inverse inanimate,contrast,0.023221370328228207,-1.296767855006014,1.3316309322630113,0.51425,7560,360,186,174
linguistic_encoding_3,Linguistic encoding III,agent,inverse_animate_vs_inanimate,Inverse animate patient vs inverse inanimate patient,+1 inverse animate; -1 inverse inanimate,time:contrast,0.06259524201811796,-0.48263575087462346,0.6015902964854161,0.59255,7560,360,186,174
linguistic_encoding_3,Linguistic encoding III,agent,inverse_animate_vs_inanimate,Inverse animate patient vs inverse inanimate patient,+1 inverse animate; -1 inverse inanimate,time2:contrast,0.2770238630811923,-0.5228755625095487,1.067783052354426,0.7529,7560,360,186,174
linguistic_encoding_3,Linguistic encoding III,agent,inverse_animate_vs_inanimate,Inverse animate patient vs inverse inanimate patient,+1 inverse animate; -1 inverse inanimate,time3:contrast,0.41470343259811615,-2.5701741311083453,3.4374582376550955,0.6063,7560,360,186,174
linguistic_encoding_3,Linguistic encoding III,patient,inverse_animate_vs_inanimate,Inverse animate patient vs inverse inanimate patient,+1 inverse animate; -1 inverse inanimate,contrast,0.036559996777196874,-1.20049852839123,1.2673286129836348,0.5184,7560,360,186,174
linguistic_encoding_3,Linguistic encoding III,patient,inverse_animate_vs_inanimate,Inverse animate patient vs inverse inanimate patient,+1 inverse animate; -1 inverse inanimate,time:contrast,-0.07964469530457786,-0.6167521472780184,0.47602497435211805,0.38305,7560,360,186,174
linguistic_encoding_3,Linguistic encoding III,patient,inverse_animate_vs_inanimate,Inverse animate patient vs inverse inanimate patient,+1 inverse animate; -1 inverse inanimate,time2:contrast,-0.3254180700254378,-1.1363881295226617,0.480191271497452,0.21905,7560,360,186,174
linguistic_encoding_3,Linguistic encoding III,patient,inverse_animate_vs_inanimate,Inverse animate patient vs inverse inanimate patient,+1 inverse animate; -1 inverse inanimate,time3:contrast,0.6883045999447884,-2.3822110602488284,3.7553687520877053,0.67315,7560,360,186,174
post_onset_1000_2500,1000-2500 ms after speech onset,agent,all_direct_vs_all_inverse,All direct vs all inverse,+1 direct; -1 inverse,contrast,-0.22460864121371796,-0.3407787478119458,-0.10802493726265393,0.0001,25730,830,470,360
post_onset_1000_2500,1000-2500 ms after speech onset,agent,all_direct_vs_all_inverse,All direct vs all inverse,+1 direct; -1 inverse,time:contrast,0.19165873420802135,-0.11543921368506742,0.4968879714903924,0.8897,25730,830,470,360
post_onset_1000_2500,1000-2500 ms after speech onset,agent,all_direct_vs_all_inverse,All direct vs all inverse,+1 direct; -1 inverse,time2:contrast,0.09115385202260964,-0.3674786041563935,0.55572362327966,0.6497,25730,830,470,360
post_onset_1000_2500,1000-2500 ms after speech onset,agent,all_direct_vs_all_inverse,All direct vs all inverse,+1 direct; -1 inverse,time3:contrast,0.31149559848768565,-1.451281391468147,2.073427895656604,0.6351,25730,830,470,360
post_onset_1000_2500,1000-2500 ms after speech onset,patient,all_direct_vs_all_inverse,All direct vs all inverse,+1 direct; -1 inverse,contrast,0.11344753302366921,-0.004431839808551331,0.2317939995284766,0.96965,25730,830,470,360
post_onset_1000_2500,1000-2500 ms after speech onset,patient,all_direct_vs_all_inverse,All direct vs all inverse,+1 direct; -1 inverse,time:contrast,-0.17324144243767292,-0.4749582545341783,0.12617415917493047,0.1268,25730,830,470,360
post_onset_1000_2500,1000-2500 ms after speech onset,patient,all_direct_vs_all_inverse,All direct vs all inverse,+1 direct; -1 inverse,time2:contrast,-0.15480344909298302,-0.6055430294566374,0.30349958183574355,0.2518,25730,830,470,360
post_onset_1000_2500,1000-2500 ms after speech onset,patient,all_direct_vs_all_inverse,All direct vs all inverse,+1 direct; -1 inverse,time3:contrast,-0.6519165074582908,-2.380964649081102,1.0725489689087266,0.2355,25730,830,470,360
post_onset_1000_2500,1000-2500 ms after speech onset,agent,direct_1_1_vs_direct_1_2,Direct 1 agent/1 patient vs direct 1 agent/2 patients,+1 direct 1-1; -1 direct 1-2,contrast,-0.9395232533340774,-2.1749329134541497,0.29738471648549264,0.06885,12152,392,194,198
post_onset_1000_2500,1000-2500 ms after speech onset,agent,direct_1_1_vs_direct_1_2,Direct 1 agent/1 patient vs direct 1 agent/2 patients,+1 direct 1-1; -1 direct 1-2,time:contrast,0.5419022765333285,0.10045966158944669,0.9826790181878172,0.99185,12152,392,194,198
post_onset_1000_2500,1000-2500 ms after speech onset,agent,direct_1_1_vs_direct_1_2,Direct 1 agent/1 patient vs direct 1 agent/2 patients,+1 direct 1-1; -1 direct 1-2,time2:contrast,-0.04371879703618286,-0.6988730847696675,0.6198217973199327,0.45075,12152,392,194,198
post_onset_1000_2500,1000-2500 ms after speech onset,agent,direct_1_1_vs_direct_1_2,Direct 1 agent/1 patient vs direct 1 agent/2 patients,+1 direct 1-1; -1 direct 1-2,time3:contrast,-1.4885880338367683,-4.017850984948459,1.0524933760159338,0.1244,12152,392,194,198
post_onset_1000_2500,1000-2500 ms after speech onset,patient,direct_1_1_vs_direct_1_2,Direct 1 agent/1 patient vs direct 1 agent/2 patients,+1 direct 1-1; -1 direct 1-2,contrast,0.8744650640171292,-0.5378098532968097,2.2843247379327947,0.8864,12152,392,194,198
post_onset_1000_2500,1000-2500 ms after speech onset,patient,direct_1_1_vs_direct_1_2,Direct 1 agent/1 patient vs direct 1 agent/2 patients,+1 direct 1-1; -1 direct 1-2,time:contrast,-0.335996513014893,-0.7539026226848722,0.08690101033848781,0.06105,12152,392,194,198
post_onset_1000_2500,1000-2500 ms after speech onset,patient,direct_1_1_vs_direct_1_2,Direct 1 agent/1 patient vs direct 1 agent/2 patients,+1 direct 1-1; -1 direct 1-2,time2:contrast,0.5527891786235419,-0.09444133550924647,1.1990992764671287,0.9524,12152,392,194,198
post_onset_1000_2500,1000-2500 ms after speech onset,patient,direct_1_1_vs_direct_1_2,Direct 1 agent/1 patient vs direct 1 agent/2 patients,+1 direct 1-1; -1 direct 1-2,time3:contrast,0.9770724852200592,-1.4607592437258807,3.450569689429446,0.78425,12152,392,194,198
post_onset_1000_2500,1000-2500 ms after speech onset,agent,inverse_2_1_vs_inverse_2_2,Inverse 2 agents/1 patient vs inverse 2 agents/2 patients,+1 inverse 2-1; -1 inverse 2-2,contrast,0.6719787762757209,-0.6038261084999494,1.9751071919063188,0.84495,10757,347,184,163
post_onset_1000_2500,1000-2500 ms after speech onset,agent,inverse_2_1_vs_inverse_2_2,Inverse 2 agents/1 patient vs inverse 2 agents/2 patients,+1 inverse 2-1; -1 inverse 2-2,time:contrast,-0.19655629682739872,-0.665733301851796,0.28195773692531456,0.20675,10757,347,184,163
post_onset_1000_2500,1000-2500 ms after speech onset,agent,inverse_2_1_vs_inverse_2_2,Inverse 2 agents/1 patient vs inverse 2 agents/2 patients,+1 inverse 2-1; -1 inverse 2-2,time2:contrast,0.013872273232004307,-0.6923170029515899,0.7087011689137965,0.516,10757,347,184,163
post_onset_1000_2500,1000-2500 ms after speech onset,agent,inverse_2_1_vs_inverse_2_2,Inverse 2 agents/1 patient vs inverse 2 agents/2 patients,+1 inverse 2-1; -1 inverse 2-2,time3:contrast,2.1470104890900354,-0.555886368351602,4.810689994158879,0.94395,10757,347,184,163
post_onset_1000_2500,1000-2500 ms after speech onset,patient,inverse_2_1_vs_inverse_2_2,Inverse 2 agents/1 patient vs inverse 2 agents/2 patients,+1 inverse 2-1; -1 inverse 2-2,contrast,-0.27123210831734534,-1.6447302935581265,1.112812978028788,0.35405,10757,347,184,163
post_onset_1000_2500,1000-2500 ms after speech onset,patient,inverse_2_1_vs_inverse_2_2,Inverse 2 agents/1 patient vs inverse 2 agents/2 patients,+1 inverse 2-1; -1 inverse 2-2,time:contrast,0.07912082754797398,-0.3827182908811847,0.5400764793863496,0.6309,10757,347,184,163
post_onset_1000_2500,1000-2500 ms after speech onset,patient,inverse_2_1_vs_inverse_2_2,Inverse 2 agents/1 patient vs inverse 2 agents/2 patients,+1 inverse 2-1; -1 inverse 2-2,time2:contrast,-0.18105597876150506,-0.8750300343915549,0.5231069292473246,0.30895,10757,347,184,163
post_onset_1000_2500,1000-2500 ms after speech onset,patient,inverse_2_1_vs_inverse_2_2,Inverse 2 agents/1 patient vs inverse 2 agents/2 patients,+1 inverse 2-1; -1 inverse 2-2,time3:contrast,-0.5733294528865209,-3.223943893957699,2.1185907929219647,0.3339,10757,347,184,163
post_onset_1000_2500,1000-2500 ms after speech onset,agent,direct_animate_vs_inanimate,Direct animate patient vs direct inanimate patient,+1 direct animate; -1 direct inanimate,contrast,0.8077672795775128,-0.2544750157045747,1.8548138457045196,0.93195,14570,470,240,230
post_onset_1000_2500,1000-2500 ms after speech onset,agent,direct_animate_vs_inanimate,Direct animate patient vs direct inanimate patient,+1 direct animate; -1 direct inanimate,time:contrast,0.14789115290112945,-0.256328946368485,0.558000578863783,0.76485,14570,470,240,230
post_onset_1000_2500,1000-2500 ms after speech onset,agent,direct_animate_vs_inanimate,Direct animate patient vs direct inanimate patient,+1 direct animate; -1 direct inanimate,time2:contrast,0.2189762683915393,-0.3897085723000194,0.8170081793909925,0.759,14570,470,240,230
post_onset_1000_2500,1000-2500 ms after speech onset,agent,direct_animate_vs_inanimate,Direct animate patient vs direct inanimate patient,+1 direct animate; -1 direct inanimate,time3:contrast,-2.724545007160781,-5.086630340848747,-0.3990032844748174,0.01105,14570,470,240,230
post_onset_1000_2500,1000-2500 ms after speech onset,patient,direct_animate_vs_inanimate,Direct animate patient vs direct inanimate patient,+1 direct animate; -1 direct inanimate,contrast,-0.9141258060418062,-2.0856833988946097,0.2524626382728144,0.0646,14570,470,240,230
post_onset_1000_2500,1000-2500 ms after speech onset,patient,direct_animate_vs_inanimate,Direct animate patient vs direct inanimate patient,+1 direct animate; -1 direct inanimate,time:contrast,0.06362761006395048,-0.33151233450965306,0.4569784352153521,0.624,14570,470,240,230
post_onset_1000_2500,1000-2500 ms after speech onset,patient,direct_animate_vs_inanimate,Direct animate patient vs direct inanimate patient,+1 direct animate; -1 direct inanimate,time2:contrast,0.14482649407190648,-0.45021268719415725,0.7367416903635439,0.68655,14570,470,240,230
post_onset_1000_2500,1000-2500 ms after speech onset,patient,direct_animate_vs_inanimate,Direct animate patient vs direct inanimate patient,+1 direct animate; -1 direct inanimate,time3:contrast,0.7772908952613278,-1.4465105540390886,3.0035250233055377,0.75325,14570,470,240,230
post_onset_1000_2500,1000-2500 ms after speech onset,agent,inverse_animate_vs_inanimate,Inverse animate patient vs inverse inanimate patient,+1 inverse animate; -1 inverse inanimate,contrast,-0.2222162505412186,-1.4873663831319863,1.0304669528266146,0.3661,11160,360,186,174
post_onset_1000_2500,1000-2500 ms after speech onset,agent,inverse_animate_vs_inanimate,Inverse animate patient vs inverse inanimate patient,+1 inverse animate; -1 inverse inanimate,time:contrast,0.3718427482858661,-0.08446109457506998,0.8320422675106401,0.94345,11160,360,186,174
post_onset_1000_2500,1000-2500 ms after speech onset,agent,inverse_animate_vs_inanimate,Inverse animate patient vs inverse inanimate patient,+1 inverse animate; -1 inverse inanimate,time2:contrast,-0.9321843738043032,-1.6259352917887406,-0.24476026725241057,0.0039,11160,360,186,174
post_onset_1000_2500,1000-2500 ms after speech onset,agent,inverse_animate_vs_inanimate,Inverse animate patient vs inverse inanimate patient,+1 inverse animate; -1 inverse inanimate,time3:contrast,-2.0014979563782633,-4.608619084608313,0.5957791902787625,0.0672,11160,360,186,174
post_onset_1000_2500,1000-2500 ms after speech onset,patient,inverse_animate_vs_inanimate,Inverse animate patient vs inverse inanimate patient,+1 inverse animate; -1 inverse inanimate,contrast,0.08707952676832383,-1.2485417110881196,1.42771968544754,0.55025,11160,360,186,174
post_onset_1000_2500,1000-2500 ms after speech onset,patient,inverse_animate_vs_inanimate,Inverse animate patient vs inverse inanimate patient,+1 inverse animate; -1 inverse inanimate,time:contrast,-0.4094700320484625,-0.8584181163905432,0.03966253767069638,0.037,11160,360,186,174
post_onset_1000_2500,1000-2500 ms after speech onset,patient,inverse_animate_vs_inanimate,Inverse animate patient vs inverse inanimate patient,+1 inverse animate; -1 inverse inanimate,time2:contrast,-0.11061084142446868,-0.7898521695931647,0.5760350922328008,0.37445,11160,360,186,174
post_onset_1000_2500,1000-2500 ms after speech onset,patient,inverse_animate_vs_inanimate,Inverse animate patient vs inverse inanimate patient,+1 inverse animate; -1 inverse inanimate,time3:contrast,2.201054731468481,-0.38658201052276686,4.810047019749528,0.95205,11160,360,186,174
